{
  "per_video_results": {
    "Autoregressive IL": {
      "VID02": 32.402311429671286,
      "VID06": 31.47151835841034
    },
    "Autoregressive IL (IVT)": {
      "VID02": 25.170300381750838,
      "VID06": 24.447255013591185
    }
  },
  "summary_statistics": {
    "Autoregressive IL": {
      "mean": 31.93691489404081,
      "std": 0.46539653563047345,
      "median": 31.93691489404081,
      "min": 31.47151835841034,
      "max": 32.402311429671286,
      "num_videos": 2
    },
    "Autoregressive IL (IVT)": {
      "mean": 24.80877769767101,
      "std": 0.36152268407982646,
      "median": 24.80877769767101,
      "min": 24.447255013591185,
      "max": 25.170300381750838,
      "num_videos": 2
    }
  }
}