{
  "methods": {
    "Autoregressive IL": {
      "current_system_mAP": 31.936914894040815,
      "ivt_standard_mAP": 24.808777697671015,
      "planning_1s_mAP": 11.697624281466931,
      "planning_2s_mAP": 8.173340093405685,
      "planning_5s_mAP": 6.9252293084432095,
      "status": "success"
    }
  },
  "best_method": "Autoregressive IL",
  "performance_gap": 17.291222302328986,
  "key_insights": []
}