{
  "action_prediction": {
    "single_step_action_exact_match": {
      "mean": 0.33938603886675217,
      "std": 0.0,
      "min": 0.33938603886675217,
      "max": 0.33938603886675217
    },
    "single_step_action_hamming_accuracy": {
      "mean": 0.9888308791632063,
      "std": 0.0,
      "min": 0.9888308791632063,
      "max": 0.9888308791632063
    },
    "single_step_action_map": {
      "mean": 0.8018905629256025,
      "std": 0.0,
      "min": 0.8018905629256025,
      "max": 0.8018905629256025
    },
    "autoregressive_h1_action_top_1_accuracy": {
      "mean": 0.4112192115001104,
      "std": 0.0,
      "min": 0.4112192115001104,
      "max": 0.4112192115001104
    },
    "autoregressive_h1_action_top_3_accuracy": {
      "mean": 0.5285180175629614,
      "std": 0.0,
      "min": 0.5285180175629614,
      "max": 0.5285180175629614
    },
    "autoregressive_h1_action_top_5_accuracy": {
      "mean": 0.5422118377876805,
      "std": 0.0,
      "min": 0.5422118377876805,
      "max": 0.5422118377876805
    },
    "autoregressive_h1_action_top_10_accuracy": {
      "mean": 0.5535091001383137,
      "std": 0.0,
      "min": 0.5535091001383137,
      "max": 0.5535091001383137
    },
    "autoregressive_h3_action_top_1_accuracy": {
      "mean": 0.37960811778270614,
      "std": 0.0,
      "min": 0.37960811778270614,
      "max": 0.37960811778270614
    },
    "autoregressive_h3_action_top_3_accuracy": {
      "mean": 0.4911352647794428,
      "std": 0.0,
      "min": 0.4911352647794428,
      "max": 0.4911352647794428
    },
    "autoregressive_h3_action_top_5_accuracy": {
      "mean": 0.5062670197286134,
      "std": 0.0,
      "min": 0.5062670197286134,
      "max": 0.5062670197286134
    },
    "autoregressive_h3_action_top_10_accuracy": {
      "mean": 0.5180076667220695,
      "std": 0.0,
      "min": 0.5180076667220695,
      "max": 0.5180076667220695
    },
    "autoregressive_h5_action_top_1_accuracy": {
      "mean": 0.36160875064013076,
      "std": 0.0,
      "min": 0.36160875064013076,
      "max": 0.36160875064013076
    },
    "autoregressive_h5_action_top_3_accuracy": {
      "mean": 0.47351973171496975,
      "std": 0.0,
      "min": 0.47351973171496975,
      "max": 0.47351973171496975
    },
    "autoregressive_h5_action_top_5_accuracy": {
      "mean": 0.4879793357813154,
      "std": 0.0,
      "min": 0.4879793357813154,
      "max": 0.4879793357813154
    },
    "autoregressive_h5_action_top_10_accuracy": {
      "mean": 0.500403906245044,
      "std": 0.0,
      "min": 0.500403906245044,
      "max": 0.500403906245044
    },
    "autoregressive_h10_action_top_1_accuracy": {
      "mean": 0.34775602215816626,
      "std": 0.0,
      "min": 0.34775602215816626,
      "max": 0.34775602215816626
    },
    "autoregressive_h10_action_top_3_accuracy": {
      "mean": 0.45552995365389826,
      "std": 0.0,
      "min": 0.45552995365389826,
      "max": 0.45552995365389826
    },
    "autoregressive_h10_action_top_5_accuracy": {
      "mean": 0.4710621750104142,
      "std": 0.0,
      "min": 0.4710621750104142,
      "max": 0.4710621750104142
    },
    "autoregressive_h10_action_top_10_accuracy": {
      "mean": 0.4839836975321536,
      "std": 0.0,
      "min": 0.4839836975321536,
      "max": 0.4839836975321536
    },
    "autoregressive_h15_action_top_1_accuracy": {
      "mean": 0.3389553844842297,
      "std": 0.0,
      "min": 0.3389553844842297,
      "max": 0.3389553844842297
    },
    "autoregressive_h15_action_top_3_accuracy": {
      "mean": 0.4451713544164425,
      "std": 0.0,
      "min": 0.4451713544164425,
      "max": 0.4451713544164425
    },
    "autoregressive_h15_action_top_5_accuracy": {
      "mean": 0.4610807245938068,
      "std": 0.0,
      "min": 0.4610807245938068,
      "max": 0.4610807245938068
    },
    "autoregressive_h15_action_top_10_accuracy": {
      "mean": 0.4738005553246517,
      "std": 0.0,
      "min": 0.4738005553246517,
      "max": 0.4738005553246517
    }
  },
  "state_prediction": {
    "single_step_state_mse": {
      "mean": 0.37381422117854773,
      "std": 0.0,
      "min": 0.37381422117854773,
      "max": 0.37381422117854773
    },
    "autoregressive_h1_state_mse_mean": {
      "mean": 0.3738026832429211,
      "std": 0.0,
      "min": 0.3738026832429211,
      "max": 0.3738026832429211
    },
    "autoregressive_h1_state_mse_final": {
      "mean": 0.3738026832429211,
      "std": 0.0,
      "min": 0.3738026832429211,
      "max": 0.3738026832429211
    },
    "autoregressive_h1_state_error_growth": {
      "mean": 0.9999999697085743,
      "std": 0.0,
      "min": 0.9999999697085743,
      "max": 0.9999999697085743
    },
    "autoregressive_h3_state_mse_mean": {
      "mean": 0.42337748665041686,
      "std": 0.0,
      "min": 0.42337748665041686,
      "max": 0.42337748665041686
    },
    "autoregressive_h3_state_mse_final": {
      "mean": 0.46854772996366695,
      "std": 0.0,
      "min": 0.46854772996366695,
      "max": 0.46854772996366695
    },
    "autoregressive_h3_state_error_growth": {
      "mean": 1.2509544785244298,
      "std": 0.0,
      "min": 1.2509544785244298,
      "max": 1.2509544785244298
    },
    "autoregressive_h5_state_mse_mean": {
      "mean": 0.46153366490361397,
      "std": 0.0,
      "min": 0.46153366490361397,
      "max": 0.46153366490361397
    },
    "autoregressive_h5_state_mse_final": {
      "mean": 0.5335012266642591,
      "std": 0.0,
      "min": 0.5335012266642591,
      "max": 0.5335012266642591
    },
    "autoregressive_h5_state_error_growth": {
      "mean": 1.423856245736338,
      "std": 0.0,
      "min": 1.423856245736338,
      "max": 1.423856245736338
    },
    "autoregressive_h10_state_mse_mean": {
      "mean": 0.526755097575402,
      "std": 0.0,
      "min": 0.526755097575402,
      "max": 0.526755097575402
    },
    "autoregressive_h10_state_mse_final": {
      "mean": 0.6233976246433311,
      "std": 0.0,
      "min": 0.6233976246433311,
      "max": 0.6233976246433311
    },
    "autoregressive_h10_state_error_growth": {
      "mean": 1.6855673785234457,
      "std": 0.0,
      "min": 1.6855673785234457,
      "max": 1.6855673785234457
    },
    "autoregressive_h15_state_mse_mean": {
      "mean": 0.571012608729275,
      "std": 0.0,
      "min": 0.571012608729275,
      "max": 0.571012608729275
    },
    "autoregressive_h15_state_mse_final": {
      "mean": 0.6812931566258494,
      "std": 0.0,
      "min": 0.6812931566258494,
      "max": 0.6812931566258494
    },
    "autoregressive_h15_state_error_growth": {
      "mean": 1.8835906383607395,
      "std": 0.0,
      "min": 1.8835906383607395,
      "max": 1.8835906383607395
    }
  },
  "autoregressive_performance": {
    "h1": {
      "state_mse_mean": {
        "mean": 0.3738026832429211,
        "std": 0.0
      },
      "state_mse_final": {
        "mean": 0.3738026832429211,
        "std": 0.0
      },
      "state_error_growth": {
        "mean": 0.9999999697085743,
        "std": 0.0
      },
      "action_top_1_accuracy": {
        "mean": 0.4112192115001104,
        "std": 0.0
      },
      "action_top_3_accuracy": {
        "mean": 0.5285180175629614,
        "std": 0.0
      },
      "action_top_5_accuracy": {
        "mean": 0.5422118377876805,
        "std": 0.0
      },
      "action_top_10_accuracy": {
        "mean": 0.5535091001383137,
        "std": 0.0
      }
    },
    "h3": {
      "state_mse_mean": {
        "mean": 0.42337748665041686,
        "std": 0.0
      },
      "state_mse_final": {
        "mean": 0.46854772996366695,
        "std": 0.0
      },
      "state_error_growth": {
        "mean": 1.2509544785244298,
        "std": 0.0
      },
      "action_top_1_accuracy": {
        "mean": 0.37960811778270614,
        "std": 0.0
      },
      "action_top_3_accuracy": {
        "mean": 0.4911352647794428,
        "std": 0.0
      },
      "action_top_5_accuracy": {
        "mean": 0.5062670197286134,