{
    "sklearn_vids_mAP_i": [
        0.9204482762458958,
        0.9480891417086057,
        0.9530350576216405,
        0.8400820808446537,
        0.8789650728262641,
        0.935840718522384,
        0.9760927816323293,
        0.9643415691357348,
        0.9360571202870588,
        0.9758918117428635
    ],
    "sklearn_vids_mAP_a": [
        0.47644909773409233,
        0.5196578012169554,
        0.5234831621203182,
        0.3736101880925052,
        0.44142184097682235,
        0.5833025921191235,
        0.5474881472442941,
        0.4970572377894962,
        0.6145417977127078,
        0.42384452986116183
    ]
}