method,smoothness_score,autocorr_lag1,trajectory_variance
Imitation Learning,0.03274094265002682,0.9837395642801835,0.05074910911486827
PPO,0.1742206159095029,0.7080725822647264,0.07761117435431669
SAC,0.07535871175081915,0.9179720652582878,0.05526506209810139
