,mean_performance,performance_std,performance_range,degradation,trajectory_slope,relative_degradation,start_performance,end_performance
imitation_learning,0.34854901402728117,0.28370176636288696,"[0.0, 1.0]",-0.17679176826333798,-0.0003094181210521667,4.472170996456276,0.9976,0.9529856221393522
ppo,0.27746578678939704,0.23644047837390064,"[0.0, 1.0]",-0.10953841093970645,-0.004491725561550244,59.95793633768077,0.9880000000000001,0.395615588983714
sac,0.27765594920237846,0.2390055782021956,"[0.0, 1.0]",-0.09206395792631039,-0.005754978458561616,74.15001268413948,0.9888,0.2556046745792287
