,mean_map,std_map,median_map,min_map,max_map,mean_degradation,std_degradation,mean_initial_map,mean_final_map,trajectory_stability,num_videos,total_predictions
ppo,0.300617105749584,0.07031770379300505,0.3079998490257596,0.21515830222457105,0.3782209704715492,0.2882996784495057,0.09869020800588355,0.516,0.22770032155049424,-0.2882996784495057,5.0,495.0
sac,0.33142607863356527,0.051580463000359046,0.3306020062226867,0.26927539788927846,0.4040404040404042,0.36009811704961114,0.05417528775200275,0.6020000000000001,0.24190188295038886,-0.36009811704961114,5.0,495.0
imitation_learning,0.9785370531125561,0.010107898735626956,0.9832513614794628,0.9609238761900785,0.9904040404040404,0.03689567792587682,0.022235188034743072,0.998,0.9611043220741232,-0.03689567792587682,5.0,495.0
