,t_statistic,p_value,cohens_d,significant,mean_diff,method1_mean,method2_mean
ppo_vs_sac,-4.4724043696054645,8.631563157258485e-06,-0.2845722754246246,True,-0.030808972883981156,0.30061710574958406,0.3314260786335652
ppo_vs_imitation_learning,-138.7781947505041,0.0,-8.830245075303083,True,-0.677919947362972,0.30061710574958406,0.978537053112556
sac_vs_imitation_learning,-129.74048658572602,0.0,-8.255189475556078,True,-0.6471109744789908,0.3314260786335652,0.978537053112556
