,t_statistic,p_value,cohens_d,significant,mean_diff
imitation_learning_vs_ppo,4.299568614467344,1.8791626091557275e-05,0.27220093272728835,True,0.07108322723788413
imitation_learning_vs_sac,4.2690226739890145,2.1505201130771057e-05,0.27026710302603496,True,0.07089306482490271
ppo_vs_sac,-0.012635207545019287,0.9899213565134078,-0.0007999210123974737,False,-0.00019016241298142056
