{
  "state_prediction": {
    "state_mse": {
      "mean": 0.16392235749015113,
      "std": 0.009165127208392665,
      "min": 0.1495581307934354,
      "max": 0.1805823233376429
    }
  },
  "reward_prediction": {},
  "rl_environment_simulation": {},
  "per_video_metrics": {
    "VID02": {
      "state_mse": 0.16611380824881994
    },
    "VID06": {
      "state_mse": 0.16574209332466125
    },
    "VID111": {
      "state_mse": 0.15637035955398998
    },
    "VID14": {
      "state_mse": 0.17029606464980432
    },
    "VID23": {
      "state_mse": 0.1805823233376429
    },
    "VID25": {
      "state_mse": 0.16069505713991264
    },
    "VID50": {
      "state_mse": 0.15148074741380801
    },
    "VID51": {
      "state_mse": 0.1495581307934354
    },
    "VID66": {
      "state_mse": 0.16534661730391936
    },
    "VID79": {
      "state_mse": 0.1730383731355177
    }
  },
  "summary": {
    "total_samples": 21885,
    "num_videos": 10,
    "evaluation_mode": "rl"
  }
}