{
  "per_video_results": {
    "Autoregressive IL": {
      "VID02": 45.36953921828671,
      "VID06": 53.49787979669166,
      "VID111": 47.516731648797325,
      "VID14": 32.88212753048126,
      "VID23": 44.190359656189926,
      "VID25": 65.15556967246448,
      "VID50": 58.15507423680483,
      "VID51": 48.224605009561,
      "VID66": 61.93666075509946,
      "VID79": 39.40519430992508
    },
    "Autoregressive IL (IVT)": {
      "VID02": 28.930361153445617,
      "VID06": 34.11348252878196,
      "VID111": 30.299540861922335,
      "VID14": 20.967632498393343,
      "VID23": 28.178444973911844,
      "VID25": 41.54713039322924,
      "VID50": 37.083191268076064,
      "VID51": 30.750923713294608,
      "VID66": 39.49455945898704,
      "VID79": 25.127134248000917
    }
  },
  "summary_statistics": {
    "Autoregressive IL": {
      "mean": 49.63337418343018,
      "std": 9.588298173347166,
      "median": 47.87066832917917,
      "min": 32.88212753048126,
      "max": 65.15556967246448,
      "num_videos": 10
    },
    "Autoregressive IL (IVT)": {
      "mean": 31.6492401098043,
      "std": 6.114078603867548,
      "median": 30.52523228760847,
      "min": 20.967632498393343,
      "max": 41.54713039322924,
      "num_videos": 10
    }
  }
}