{
  "methods": {
    "Autoregressive IL": {
      "current_system_mAP": 49.63337418343017,
      "ivt_standard_mAP": 31.649240109804293,
      "planning_1s_mAP": 23.616049071763356,
      "planning_2s_mAP": 22.54793583757316,
      "planning_5s_mAP": 19.1308154764762,
      "status": "success"
    }
  },
  "best_method": "Autoregressive IL",
  "performance_gap": 10.450759890195709,
  "key_insights": []
}