{
    "ivt_current_AP_per_class": {
        "grasper,dissect,cystic_plate": null,
        "grasper,dissect,gallbladder": 0.4229824561403509,
        "grasper,dissect,omentum": 0.024390243902439025,
        "grasper,grasp,cystic_artery": 0.029313442427170183,
        "grasper,grasp,cystic_duct": 0.37911654592970523,
        "grasper,grasp,cystic_pedicle": 0.0014705882352941176,
        "grasper,grasp,cystic_plate": 0.04061068353183938,
        "grasper,grasp,gallbladder": 0.26629294583026586,
        "grasper,grasp,gut": 0.001694315184031809,
        "grasper,grasp,liver": 0.010880299892523766,
        "grasper,grasp,omentum": 0.012080337340845612,
        "grasper,grasp,peritoneum": 0.173341585344599,
        "grasper,grasp,specimen_bag": 0.9039426907883874,
        "grasper,pack,gallbladder": 0.5561942798060316,
        "grasper,retract,cystic_duct": null,
        "grasper,retract,cystic_pedicle": null,
        "grasper,retract,cystic_plate": 0.08811180712753286,
        "grasper,retract,gallbladder": 0.8519252830992581,
        "grasper,retract,gut": 0.18182341526761564,
        "grasper,retract,liver": 0.7600762209171371,
        "grasper,retract,omentum": 0.6690875498541071,
        "grasper,retract,peritoneum": 0.33319192009008053,
        "bipolar,coagulate,abdominal_wall_cavity": 0.818083532653342,
        "bipolar,coagulate,blood_vessel": 0.9475484608145788,
        "bipolar,coagulate,cystic_artery": null,
        "bipolar,coagulate,cystic_duct": 0.02204632825274823,
        "bipolar,coagulate,cystic_pedicle": 0.7795654404394173,
        "bipolar,coagulate,cystic_plate": 0.39444548217028985,
        "bipolar,coagulate,gallbladder": 0.4129019342289933,
        "bipolar,coagulate,liver": 0.8587265738647863,
        "bipolar,coagulate,omentum": 0.6894625698462198,
        "bipolar,coagulate,peritoneum": 0.8278844936739674,
        "bipolar,dissect,adhesion": null,
        "bipolar,dissect,cystic_artery": 0.001221001221001221,
        "bipolar,dissect,cystic_duct": 0.008787687191207663,
        "bipolar,dissect,cystic_plate": null,
        "bipolar,dissect,gallbladder": 0.09819168416170634,
        "bipolar,dissect,omentum": null,
        "bipolar,grasp,cystic_plate": 0.0042431570123251175,
        "bipolar,grasp,liver": 0.32170394764673477,
        "bipolar,grasp,specimen_bag": null,
        "bipolar,retract,cystic_duct": 0.004888179765342226,
        "bipolar,retract,cystic_pedicle": null,
        "bipolar,retract,gallbladder": null,
        "bipolar,retract,liver": 0.15442090985922174,
        "bipolar,retract,omentum": 0.4197968786912257,
        "hook,coagulate,blood_vessel": 0.001977493746622048,
        "hook,coagulate,cystic_artery": null,
        "hook,coagulate,cystic_duct": 0.029411764705882353,
        "hook,coagulate,cystic_pedicle": null,
        "hook,coagulate,cystic_plate": null,
        "hook,coagulate,gallbladder": 0.1318546486546195,
        "hook,coagulate,liver": 0.023636714218089216,
        "hook,coagulate,omentum": 0.11587770038558698,
        "hook,cut,blood_vessel": null,
        "hook,cut,peritoneum": null,
        "hook,dissect,blood_vessel": null,
        "hook,dissect,cystic_artery": 0.45641683936268945,
        "hook,dissect,cystic_duct": 0.5030956484876334,
        "hook,dissect,cystic_plate": 0.2468220492148602,
        "hook,dissect,gallbladder": 0.8446592641871895,
        "hook,dissect,omentum": 0.7763464213896754,
        "hook,dissect,peritoneum": 0.49388359055646375,
        "hook,retract,gallbladder": 0.31677806112670903,
        "hook,retract,liver": 0.024882680525660263,
        "scissors,coagulate,omentum": null,
        "scissors,cut,adhesion": 0.38437380666193066,
        "scissors,cut,blood_vessel": null,
        "scissors,cut,cystic_artery": 0.8346793527463607,
        "scissors,cut,cystic_duct": 0.892835193881764,
        "scissors,cut,cystic_plate": 0.07759807855179038,
        "scissors,cut,liver": 0.3036178834196829,
        "scissors,cut,omentum": null,
        "scissors,cut,peritoneum": null,
        "scissors,dissect,cystic_plate": null,
        "scissors,dissect,gallbladder": null,
        "scissors,dissect,omentum": null,
        "clipper,clip,blood_vessel": null,
        "clipper,clip,cystic_artery": 0.6038558637198865,
        "clipper,clip,cystic_duct": 0.7738057828560401,
        "clipper,clip,cystic_pedicle": null,
        "clipper,clip,cystic_plate": 0.02024557775692014,
        "irrigator,aspirate,fluid": 0.730834015204977,
        "irrigator,dissect,cystic_duct": null,
        "irrigator,dissect,cystic_pedicle": null,
        "irrigator,dissect,cystic_plate": null,
        "irrigator,dissect,gallbladder": null,
        "irrigator,dissect,omentum": null,
        "irrigator,irrigate,abdominal_wall_cavity": 0.4325291248615968,
        "irrigator,irrigate,cystic_pedicle": 0.002395881888480565,
        "irrigator,irrigate,liver": 0.35056634708367485,
        "irrigator,retract,gallbladder": null,
        "irrigator,retract,liver": 0.1944812391538411,
        "irrigator,retract,omentum": null,
        "grasper,null_verb,null_target": 0.2728556479701438,
        "bipolar,null_verb,null_target": 0.25604451085732777,
        "hook,null_verb,null_target": 0.30382571302208977,
        "scissors,null_verb,null_target": 0.1479927991992502,
        "clipper,null_verb,null_target": 0.38951447194469657,
        "irrigator,null_verb,null_target": 0.14337301251116163
    },
    "ivt_next_AP_per_class": {
        "grasper,dissect,cystic_plate": null,
        "grasper,dissect,gallbladder": 0.020471903582098883,
        "grasper,dissect,omentum": 0.0015772870662460567,
        "grasper,grasp,cystic_artery": 0.04030012349796769,
        "grasper,grasp,cystic_duct": 0.24520265230197494,
        "grasper,grasp,cystic_pedicle": 0.0006071645415907711,
        "grasper,grasp,cystic_plate": 0.24355052681154654,
        "grasper,grasp,gallbladder": 0.27605757789088803,
        "grasper,grasp,gut": 0.002829797300603983,
        "grasper,grasp,liver": 0.030888545630050314,
        "grasper,grasp,omentum": 0.023537855802980914,
        "grasper,grasp,peritoneum": 0.06742747785905209,
        "grasper,grasp,specimen_bag": 0.8800167082923815,
        "grasper,pack,gallbladder": 0.657286914780886,
        "grasper,retract,cystic_duct": null,
        "grasper,retract,cystic_pedicle": null,
        "grasper,retract,cystic_plate": 0.15017866880340924,
        "grasper,retract,gallbladder": 0.8344053546640628,
        "grasper,retract,gut": 0.15456698641917216,
        "grasper,retract,liver": 0.7526195519731197,
        "grasper,retract,omentum": 0.6931679818950062,
        "grasper,retract,peritoneum": 0.42513284867761436,
        "bipolar,coagulate,abdominal_wall_cavity": 0.7021240526798602,
        "bipolar,coagulate,blood_vessel": 0.8324545409466038,
        "bipolar,coagulate,cystic_artery": null,
        "bipolar,coagulate,cystic_duct": 0.014007371467527972,
        "bipolar,coagulate,cystic_pedicle": 0.7910650735020561,
        "bipolar,coagulate,cystic_plate": 0.3884367452001973,
        "bipolar,coagulate,gallbladder": 0.41818289921306234,
        "bipolar,coagulate,liver": 0.8506242732054967,
        "bipolar,coagulate,omentum": 0.6013654216544093,
        "bipolar,coagulate,peritoneum": 0.6979071741266863,
        "bipolar,dissect,adhesion": null,
        "bipolar,dissect,cystic_artery": 0.0005494505494505495,
        "bipolar,dissect,cystic_duct": 0.21516059963409057,
        "bipolar,dissect,cystic_plate": null,
        "bipolar,dissect,gallbladder": 0.11793907128124774,
        "bipolar,dissect,omentum": null,
        "bipolar,grasp,cystic_plate": 0.14343627111066995,
        "bipolar,grasp,liver": 0.09404751408032105,
        "bipolar,grasp,specimen_bag": null,
        "bipolar,retract,cystic_duct": 0.0039035089213554455,
        "bipolar,retract,cystic_pedicle": null,
        "bipolar,retract,gallbladder": null,
        "bipolar,retract,liver": 0.19690651219857977,