{
  "per_video_results": {
    "Autoregressive IL": {
      "VID02": 43.25305295739118,
      "VID06": 47.58832341651685,
      "VID111": 45.781293178650685,
      "VID14": 34.35142294323908,
      "VID23": 41.13451318324169,
      "VID25": 62.70298513795706,
      "VID50": 52.51583050708625,
      "VID51": 44.29937244592671,
      "VID66": 62.92837609339351,
      "VID79": 39.22602182107021
    },
    "Autoregressive IL (IVT)": {
      "VID02": 0.0,
      "VID06": 0.0,
      "VID111": 0.0,
      "VID14": 0.0,
      "VID23": 0.0,
      "VID25": 0.0,
      "VID50": 0.0,
      "VID51": 0.0,
      "VID66": 0.0,
      "VID79": 0.0
    }
  },
  "summary_statistics": {
    "Autoregressive IL": {
      "mean": 47.37811916844733,
      "std": 8.984882293678318,
      "median": 45.040332812288696,
      "min": 34.35142294323908,
      "max": 62.92837609339351,
      "num_videos": 10
    },
    "Autoregressive IL (IVT)": {
      "mean": 0.0,
      "std": 0.0,
      "median": 0.0,
      "min": 0.0,
      "max": 0.0,
      "num_videos": 10
    }
  }
}