{
  "methods": {
    "Autoregressive IL": {
      "current_system_mAP": 47.37811916844733,
      "ivt_standard_mAP": 0.0,
      "planning_1s_mAP": 22.600061733111893,
      "planning_2s_mAP": 22.409161592140688,
      "planning_5s_mAP": 19.421194416102274,
      "status": "success"
    }
  },
  "best_method": "Autoregressive IL",
  "performance_gap": 42.1,
  "key_insights": []
}