{
  "per_video_results": {
    "Autoregressive IL": {
      "VID02": 42.42550218619622,
      "VID06": 51.860984913372135,
      "VID111": 42.74076870491411,
      "VID14": 31.844424822274725,
      "VID23": 39.947180510433625,
      "VID25": 56.442193843008596,
      "VID50": 49.49844702585701,
      "VID51": 44.322950648264914,
      "VID66": 59.3313543777427,
      "VID79": 37.92575091689199
    },
    "Autoregressive IL (IVT)": {
      "VID02": 0.0,
      "VID06": 0.0,
      "VID111": 0.0,
      "VID14": 0.0,
      "VID23": 0.0,
      "VID25": 0.0,
      "VID50": 0.0,
      "VID51": 0.0,
      "VID66": 0.0,
      "VID79": 0.0
    }
  },
  "summary_statistics": {
    "Autoregressive IL": {
      "mean": 45.6339557948956,
      "std": 8.126729738166588,
      "median": 43.53185967658951,
      "min": 31.844424822274725,
      "max": 59.3313543777427,
      "num_videos": 10
    },
    "Autoregressive IL (IVT)": {
      "mean": 0.0,
      "std": 0.0,
      "median": 0.0,
      "min": 0.0,
      "max": 0.0,
      "num_videos": 10
    }
  }
}