{
    "sklearn_vids_mAP_a": [
        NaN,
        NaN,
        NaN,
        0.011754570676948305,
        0.056934477520894325,
        NaN,
        NaN,
        0.01639407433967463,
        0.001756289108299473,
        NaN,
        0.001392180908264471,
        NaN,
        0.19266624834513985,
        0.007204831588147018,
        NaN,
        NaN,
        NaN,
        0.8370387338064976,
        0.013885668936406442,
        0.5880146531589248,
        0.06149190025943095,
        NaN,
        NaN,
        NaN,
        NaN,
        NaN,
        0.049081401311046144,
        0.11120918604043115,
        NaN,
        0.24048154358368024,
        NaN,
        NaN,
        NaN,
        NaN,
        NaN,
        NaN,
        NaN,
        NaN,
        NaN,
        NaN,
        NaN,
        NaN,
        NaN,
        NaN,
        0.03372867098004034,
        0.2416332812181509,
        NaN,
        NaN,
        NaN,
        NaN,
        NaN,
        0.0025018478925320758,
        NaN,
        NaN,
        NaN,
        NaN,
        NaN,
        0.10614772227642119,
        0.15433441839105522,
        0.09513763540312495,
        0.5989832204940592,
        0.0523073448439947,
        NaN,
        0.003113707986739342,
        NaN,
        NaN,
        0.04293046239825409,
        NaN,
        0.06854187098380386,
        0.043554971393756185,
        0.010642112129208769,
        NaN,
        NaN,
        NaN,
        NaN,
        NaN,
        NaN,
        NaN,
        0.343146504748302,
        0.33737201910773873,
        NaN,
        0.005637603422976558,
        0.5877549620408122,
        NaN,
        NaN,
        NaN,
        NaN,
        NaN,
        0.033503911654009434,
        NaN,
        0.04840196016592009,
        NaN,
        0.07645999363087382,
        NaN,
        0.06487656315884544,
        0.030866215833075587,
        0.07804720335276062,
        0.006445042553913122,
        0.004547140830450854,
        0.10332937964892114
    ],
    "sklearn_vids_mAP_i": [
        0.9720259287909025,
        0.9242073884122738,
        0.9854884291072978,
        0.7719539812517036,
        0.8329457230911285,
        0.9629704776673025
    ],
    "sklearn_mAP_a_from_vid_ap": 0.13408128815308817,
    "sklearn_mAP_i_from_vid_ap": 0.9082653213867681,
    "ivt_map_a": [
        NaN,
        NaN,
        NaN,
        0.011754570676948305,
        0.056934477520894325,
        NaN,
        NaN,
        0.01639407433967463,
        0.001756289108299473,
        NaN,
        0.001392180908264471,
        NaN,
        0.19266624834513985,
        0.007204831588147018,
        NaN,
        NaN,
        NaN,
        0.8370387338064976,
        0.013885668936406442,
        0.5880146531589248,
        0.06149190025943095,
        NaN,
        NaN,
        NaN,
        NaN,
        NaN,
        0.049081401311046144,
        0.11120918604043115,
        NaN,
        0.24048154358368024,
        NaN,
        NaN,
        NaN,
        NaN,
        NaN,
        NaN,
        NaN,
        NaN,
        NaN,
        NaN,
        NaN,
        NaN,
        NaN,
        NaN,
        0.03372867098004034,
        0.2416332812181509,
        NaN,
        NaN,
        NaN,
        NaN,
        NaN,
        0.0025018478925320758,
        NaN,
        NaN,
        NaN,
        NaN,
        NaN,
        0.10614772227642119,
        0.15433441839105522,
        0.09513763540312495,
        0.5989832204940592,
        0.0523073448439947,
        NaN,
        0.003113707986739342,
        NaN,
        NaN,
        0.04293046239825409,
        NaN,
        0.06854187098380386,
        0.043554971393756185,
        0.010642112129208769,
        NaN,
        NaN,
        NaN,
        NaN,
        NaN,
        NaN,
        NaN,
        0.343146504748302,
        0.33737201910773873,
        NaN,
        0.005637603422976558,
        0.5877549620408122,
        NaN,
        NaN,
        NaN,
        NaN,
        NaN,
        0.033503911654009434,
        NaN,
        0.04840196016592009,
        NaN,
        0.07645999363087382,
        NaN,
        0.06487656315884544,
        0.030866215833075587,
        0.07804720335276062,
        0.006445042553913122,
        0.004547140830450854,
        0.10332937964892114
    ],
    "ivt_map_i": [
        0.9519821132109512,
        0.8619415228720568,
        0.9722023244142599,
        0.09967419983657838,
        0.8273552956966839,
        0.8865040392012286
    ],
    "ivt_mAP_a_from_vid_ap": 0.13408128815308817,
    "ivt_mAP_i_from_vid_ap": 0.7666099158719598
}