{
  "summary": {
    "_r_global_progression": {
      "mean": 0.5,
      "std": 0.2888214027984456,
      "min": 0.0,
      "max": 1.0,
      "abs_max": 1.0,
      "non_zero_fraction": 0.9994934657076284,
      "range": 1.0
    },
    "_r_phase_completion": {
      "mean": 0.027134100587317248,
      "std": 0.11495477353110398,
      "min": 0.0,
      "max": 0.8998513082740474,
      "abs_max": 0.8998513082740474,
      "non_zero_fraction": 0.098698206868605,
      "range": 0.8998513082740474
    },
    "_r_risk_penalty": {
      "mean": 3.639233613615642,
      "std": 1.6419785896333745,
      "min": 1.0,
      "max": 5.0,
      "abs_max": 5.0,
      "non_zero_fraction": 1.0,
      "range": 4.0
    },
    "_r_phase_progression": {
      "mean": 0.5000000000000001,
      "std": 0.2896783274467644,
      "min": 0.0,
      "max": 1.0,
      "abs_max": 1.0,
      "non_zero_fraction": 0.9965555668118732,
      "range": 1.0
    },
    "_r_phase_initiation": {
      "mean": 0.017146185796778443,
      "std": 0.12981600097599988,
      "min": 0.0,
      "max": 1.0,
      "abs_max": 1.0,
      "non_zero_fraction": 0.017146185796778443,
      "range": 1.0
    },
    "_r_action_probability": {
      "mean": -0.1336508297359837,
      "std": 0.24249948610400734,
      "min": -0.6647170269837084,
      "max": 0.3955062034284491,
      "abs_max": 0.6647170269837084,
      "non_zero_fraction": 0.8831425387498734,
      "range": 1.0602232304121575
    }
  },
  "potential_issues": [],
  "recommendations": []
}