video_id,method,horizon,final_mAP,mean_mAP,mAP_degradation,final_exact_match,mean_exact_match,avg_confidence
VID02,IL_Baseline,15,1.0,1.0,0.0,1.0,1.0,0.047628971934318545
VID02,RL_WorldModel_PPO,15,1.0,1.0,0.0,1.0,1.0,0.39366567730903623
VID02,RL_WorldModel_A2C,15,1.0,1.0,0.0,1.0,1.0,0.08470124204953512
VID02,RL_OfflineVideos_PPO,15,0.99,0.9933333333333334,0.010000000000000009,0.8666666666666667,0.8731250231250234,0.4860046545664469
VID02,RL_OfflineVideos_A2C,15,1.0,1.0,0.0,1.0,1.0,0.14273530145486196
