{
  "per_video_results": {
    "Autoregressive IL": {
      "VID02": 43.54351028790217,
      "VID06": 60.25182572435595,
      "VID111": 45.79721437339224,
      "VID14": 30.761587174439725,
      "VID23": 45.20921426801057,
      "VID25": 66.3030638563284,
      "VID50": 56.08812818327367,
      "VID51": 49.00299014924689,
      "VID66": 63.17312556076977,
      "VID79": 36.36841286307911
    },
    "Autoregressive IL (IVT)": {
      "VID02": 28.10183476188218,
      "VID06": 38.8849415082182,
      "VID111": 29.55631602427633,
      "VID14": 19.852718213889936,
      "VID23": 29.176836242050417,
      "VID25": 42.79025123095628,
      "VID50": 36.19780077187618,
      "VID51": 31.625239281520972,
      "VID66": 40.77027148621087,
      "VID79": 23.47121584991071
    }
  },
  "summary_statistics": {
    "Autoregressive IL": {
      "mean": 49.64990724407985,
      "std": 11.043064489264356,
      "median": 47.40010226131956,
      "min": 30.761587174439725,
      "max": 66.3030638563284,
      "num_videos": 10
    },
    "Autoregressive IL (IVT)": {
      "mean": 32.042742537079214,
      "std": 7.126902987156179,
      "median": 30.59077765289865,
      "min": 19.852718213889936,
      "max": 42.79025123095628,
      "num_videos": 10
    }
  }
}