{
    "overall_metrics": {
        "ivt_current_mAP": 0.45624166592287996,
        "ivt_current_AP_per_class": [
            NaN,
            NaN,
            NaN,
            0.029345006959127173,
            0.549317225543877,
            NaN,
            NaN,
            0.0625521858549054,
            0.001694239335161593,
            NaN,
            0.007598957206181572,
            NaN,
            0.8646878159854571,
            0.5399843212343212,
            NaN,
            NaN,
            NaN,
            0.9077615025560906,
            0.11439074754876616,
            0.8674415993892948,
            0.6504527070917615,
            NaN,
            NaN,
            NaN,
            NaN,
            NaN,
            0.7795654404394173,
            0.9614863426595948,
            NaN,
            0.7928207727035217,
            NaN,
            NaN,
            NaN,
            NaN,
            NaN,
            NaN,
            NaN,
            NaN,
            NaN,
            NaN,
            NaN,
            NaN,
            NaN,
            NaN,
            0.21117677380896438,
            0.5279326845993513,
            NaN,
            NaN,
            NaN,
            NaN,
            NaN,
            0.21989413264959268,
            NaN,
            NaN,
            NaN,
            NaN,
            NaN,
            0.6402186728484522,
            0.37208434190125245,
            0.5921899190863906,
            0.7459622469045892,
            0.8892770865066167,
            NaN,
            0.004315501876097589,
            NaN,
            NaN,
            0.38440569682121434,
            NaN,
            0.760046133428247,
            0.7259454178703104,
            0.07759807855179038,
            NaN,
            NaN,
            NaN,
            NaN,
            NaN,
            NaN,
            NaN,
            0.817890315223597,
            0.7537242376876577,
            NaN,
            0.020240820880855787,
            0.79258599522392,
            NaN,
            NaN,
            NaN,
            NaN,
            NaN,
            0.541919375948414,
            NaN,
            0.241459747529256,
            NaN,
            0.3330832938807493,
            NaN,
            0.37013131783036635,
            0.3427421926577526,
            0.33283334810723847,
            0.07896646394938446,
            0.1614920104050539,
            0.1824519662306024
        ],
        "ivt_rec_i_mAP": 0.9031370184798693,
        "ivt_rec_v_mAP": 0.680747642256739,
        "ivt_rec_t_mAP": 0.5713389092242223,
        "ivt_rec_iv_mAP": 0.45668544332037536,
        "ivt_rec_it_mAP": 0.5322019383311115,
        "ivt_next_mAP": 0.44924960561919686,
        "ivt_next_AP_per_class": [
            NaN,
            NaN,
            NaN,
            0.04030012349796769,
            0.39671321326938697,
            NaN,
            NaN,
            0.14637220282421445,
            0.002829797300603983,
            NaN,
            0.008032214305940661,
            NaN,
            0.806293152919147,
            0.5813376678598831,
            NaN,
            NaN,
            NaN,
            0.9064908373956262,
            0.12407881242895724,
            0.8452577438702138,
            0.5702456666051793,
            NaN,
            NaN,
            NaN,
            NaN,
            NaN,
            0.7910650735020561,
            0.9552755685357441,
            NaN,
            0.8438227803065473,
            NaN,
            NaN,
            NaN,
            NaN,
            NaN,
            NaN,
            NaN,
            NaN,
            NaN,
            NaN,
            NaN,
            NaN,
            NaN,
            NaN,
            0.25906217221624506,
            0.3364097887129389,
            NaN,
            NaN,
            NaN,
            NaN,
            NaN,
            0.05680432636022587,
            NaN,
            NaN,
            NaN,
            NaN,
            NaN,
            0.6039619686890767,
            0.42926029985801456,
            0.6853715484841963,
            0.7379652865406242,
            0.970054259652955,
            NaN,
            0.008152831379896423,
            NaN,
            NaN,
            0.48492182744655127,
            NaN,
            0.5788532807258757,
            0.5738344653978176,
            0.6000891801888859,
            NaN,
            NaN,
            NaN,
            NaN,
            NaN,
            NaN,
            NaN,
            0.7339760644494923,
            0.7407348792405091,
            NaN,
            0.3499682106138344,
            0.7118828379157491,
            NaN,
            NaN,
            NaN,
            NaN,
            NaN,
            0.40649562669408307,
            NaN,
            0.2055774744365899,
            NaN,
            0.27140198902033713,
            NaN,
            0.35486020801642737,
            0.2377848306990053,
            0.27378412753345416,
            0.07025241306903321,
            0.08818249651582985,
            0.18222697628875498
        ],
        "ivt_i_mAP": 0.8787798109386071,
        "ivt_v_mAP": 0.6508725351421026,
        "ivt_t_mAP": 0.5608232216208976,
        "ivt_iv_mAP": 0.42595893129539486,
        "ivt_it_mAP": 0.522451647783511,
        "consistency_loss": 0.0021290965953732212,
        "action_rec_loss": 0.04125986344151525,
        "frame_loss": 0.19032878745765833,
        "action_loss": 0.0348544934544658,
        "total_loss": 0.17789703187386838,
        "action_mAP": 0.47143245489136437,
        "action_mAP_standard": 0.0,
        "action_mAP_freq_weighted": 0.0,
        "action_hamming_accuracy": 0.0,
        "action_precision": 0.0,
        "action_recall": 0.0,
        "action_f1": 0.0,
        "action_sparsity": 0.0,
        "num_actions_present": 0.0,
        "action_mAP_with_null_verb": 0.47143245489136437,
        "action_sparsity_with_null_verb": 0.6799999999999999,
        "num_actions_total": 0.0,
        "num_actions_total_with_null_verb": 100.0,
        "action_mAP_std": 0.047177433029402194,
        "action_sparsity_std": 0.0,
        "planning_1s_mAP": 0.47143245489136437,
        "planning_2s_mAP": 0.4273184134873139,
        "planning_3s_mAP": 0.3909140224426414,
        "planning_5s_mAP": 0.34534039455109383,
        "planning_10s_mAP": 0.29099084442485557,
        "planning_20s_mAP": 0.22766340015282693,
        "planning_available": true
    },
    "detailed_results": {
        "epoch": -1,
        "video_loss_metrics": {
            "VID02": {
                "action_rec_loss": 0.0424195302463651,
                "frame_loss": 0.19067733810189064,
                "action_loss": 0.0384331665366752,
                "consistency_loss": 0.0020655849417390744,
                "total_loss": 0.18038428830129377
            },
            "VID06": {
                "action_rec_loss": 0.04010019663666539,
                "frame_loss": 0.18998023681342602,
                "action_loss": 0.031275820372256395,
                "consistency_loss": 0.002192608249007368,
                "total_loss": 0.17540977544644298
            }
        },
        "video_action_metrics": {
            "VID02": {
                "mAP": 0.4242550218619622,
                "mAP_info": {
                    "calculated_from": "subset_excluding_last_classes_present_actions_only",
                    "excluded_classes": 6,
                    "ignore_null_verbs": 6,
                    "subset_size": 94,
                    "present_actions_in_subset": 