{
    "ivt_mAP_i": [],
    "ivt_mAP_a": [],
    "sklearn_vids_mAP_i": [
        0.9213795894173845,
        0.9492857737918664
    ],
    "sklearn_vids_mAP_a": [
        0.4722586703309113,
        0.5409006588603896
    ],
    "sklearn_mAP_a": [],
    "sklearn_mAP_i": []
}