{
  "video_performance_history": {
    "VID05": [
      {
        "epoch": 0,
        "mAP": 0.5547514320466859,
        "exact_match": 0.5332764505119454
      }
    ],
    "VID15": [
      {
        "epoch": 0,
        "mAP": 0.34570862551539105,
        "exact_match": 0.4645286686103013
      }
    ],
    "VID26": [
      {
        "epoch": 0,
        "mAP": 0.583271886508588,
        "exact_match": 0.5702199661590525
      }
    ],
    "VID32": [
      {
        "epoch": 0,
        "mAP": 0.36509059863275284,
        "exact_match": 0.39744801512287337
      }
    ],
    "VID40": [
      {
        "epoch": 0,
        "mAP": 0.6057309006258585,
        "exact_match": 0.44374437443744374
      }
    ],
    "VID47": [
      {
        "epoch": 0,
        "mAP": 0.435555270907346,
        "exact_match": 0.46038069942452414
      }
    ],
    "VID48": [
      {
        "epoch": 0,
        "mAP": 0.5764720343995475,
        "exact_match": 0.44929116684841874
      }
    ],
    "VID70": [
      {
        "epoch": 0,
        "mAP": 0.5321546214147389,
        "exact_match": 0.483249581239531
      }
    ],
    "VID80": [
      {
        "epoch": 0,
        "mAP": 0.562538725868033,
        "exact_match": 0.2906032482598608
      }
    ],
    "VID96": [
      {
        "epoch": 0,
        "mAP": 0.3898477793548002,
        "exact_match": 0.4138335287221571
      }
    ]
  },
  "final_video_metrics": {
    "VID05": {
      "mAP": 0.5547514320466859,
      "mAP_info": {
        "calculated_from": "subset_excluding_last_classes_present_actions_only",
        "excluded_classes": 6,
        "subset_size": 94,
        "present_actions_in_subset": "23",
        "subset_action_sparsity": 0.7553191489361702
      },
      "mAP_standard_with_null_verb": 0.8703436139959797,
      "mAP_present_only_with_null_verb": 0.539783130753768,
      "mAP_freq_weighted_with_null_verb": 0.7529147706615943,
      "mAP_sample_wise_with_null_verb": 0.7914443887556497,
      "mAP_standard_all_actions": 0.8703436139959797,
      "mAP_present_only_all_actions": 0.539783130753768,
      "mAP_freq_weighted_all_actions": 0.7529147706615943,
      "mAP_sample_wise_all_actions": 0.7914443887556497,
      "exact_match_with_null_verb": 0.4833617747440273,
      "hamming_accuracy_with_null_verb": 0.9923848122866894,
      "precision_with_null_verb": 0.8630673677979547,
      "recall_with_null_verb": 0.8044271764613495,
      "f1_with_null_verb": 0.8310957621256032,
      "num_predictions": 2344,
      "num_actions_total_with_null_verb": 100,
      "num_actions_present_with_null_verb": "26",
      "action_sparsity_with_null_verb": 0.74,
      "task": "single_step_action_prediction",
      "method_name": "AutoregressiveIL_video_VID05_epoch_0",
      "exclude_last_n": 6,
      "mAP_standard": 0.8804179035858912,
      "mAP_present_only": 0.5547514320466859,
      "mAP_freq_weighted": 0.7873261415359831,
      "exact_match": 0.5332764505119454,
      "hamming_accuracy": 0.9930742139278194,
      "precision": 0.8705273222689914,
      "recall": 0.8225854346136166,
      "f1": 0.8448511191309028,
      "num_actions_total": 94,
      "num_actions_present": "23",
      "action_sparsity": 0.7553191489361702
    },
    "VID15": {
      "mAP": 0.34570862551539105,
      "mAP_info": {
        "calculated_from": "subset_excluding_last_classes_present_actions_only",
        "excluded_classes": 6,
        "subset_size": 94,
        "present_actions_in_subset": "28",
        "subset_action_sparsity": 0.7021276595744681
      },
      "mAP_standard_with_null_verb": 0.7209236570419345,
      "mAP_present_only_with_null_verb": 0.32556018400624054,
      "mAP_freq_weighted_with_null_verb": 0.7028329554493767,
      "mAP_sample_wise_with_null_verb": 0.7668611573444577,
      "mAP_standard_all_actions": 0.7209236570419345,
      "mAP_present_only_all_actions": 0.32556018400624054,
      "mAP_freq_weighted_all_actions": 0.7028329554493767,
      "mAP_sample_wise_all_actions": 0.7668611573444577,
      "exact_match_with_null_verb": 0.4037900874635568,
      "hamming_accuracy_with_null_verb": 0.9899514091350826,
      "precision_with_null_verb": 0.8357498651933633,
      "recall_with_null_verb": 0.7927837264401739,
      "f1_with_null_verb": 0.8127443899359774,
      "num_predictions": 2058,
      "num_actions_total_with_null_verb": 100,
      "num_actions_present_with_null_verb": "31",
      "action_sparsity_with_null_verb": 0.69,
      "task": "single_step_action_prediction",
      "method_name": "AutoregressiveIL_video_VID15_epoch_0",
      "exclude_last_n": 6,
      "mAP_standard": 0.7306366118556483,
      "mAP_present_only": 0.34570862551539105,
      "mAP_freq_weighted": 0.741250750007566,
      "exact_match": 0.4645286686103013,
      "hamming_accuracy": 0.9912226288691769,
      "precision": 0.8603729566202052,
      "recall": 0.8072600604024118,
      "f1": 0.831631473646299,
      "num_actions_total": 94,
      "num_actions_present": "28",
      "action_sparsity": 0.7021276595744681
    },
    "VID26": {
      "mAP": 0.583271886508588,
      "mAP_info": {
        "calculated_from": "subset_excluding_last_classes_present_actions_only",
        "excluded_classes": 6,
        "subset_size": 94,
        "present_actions_in_subset": "21",
        "subset_action_sparsity": 0.7765957446808511
      },
      "mAP_standard_with_null_verb": 0.8216258202416331,
      "mAP_present_only_with_null_verb": 0.5447146932370501,
      "mAP_freq_weighted_with_null_verb": 0.8313230273799888,
      "mAP_sample_wise_with_null_verb": 0.8410857430848053,
      "mAP_standard_all_actions": 0.8216258202416331,
      "mAP_present_only_all_actions": 0.5447146932370501,
      "mAP_freq_weighted_all_actions": 0.8313230273799888,
      "mAP_sample_wise_all_actions": 0.8410857430848053,
      "exact_match_with_null_verb": 0.5380710659898477,
      "hamming_accuracy_with_null_verb": 0.9925775521714608,
      "precision_with_null_verb": 0.8972719487867418,
      "recall_with_null_verb": 0.788770665751292,
      "f1_with_null_verb": 0.8341968842992127,
      "num_predictions": 1773,
      "num_actions_total_with_null_verb": 100,
      "num_actions_present_with_null_verb": "26",
      "action_sparsity_with_null_verb": 0.74,
      "task": "single_step_action_prediction",
      "method_name": "AutoregressiveIL_video_VID26_epoch_0",
      "exclude_last_n": 6,
      "mAP_standard": 0.8430713789008547,
      "mAP_present_only": 0.583271886508588,
      "mAP_freq_weighted": 0.8550675385258931,
      "exact_match": 0.5702199661590525,
      "hamming_accuracy": 0.993207809818675,
      "precision": 0.9009214318743356,
      "recall": 0.8059289572739288,
      "f1": 0.8468648235274763,
      "num_actions_total": 94,
      "num_actions_present": "21",
      "action_sparsity": 0.7765957446808511
    },
    "VID32": {
      "mAP": 0.36509059863275284,
      "mAP_info": {
        "calculated_from": "subset_excluding_last_classes_present_actions_only",
        "excluded_classes": 6,
        "subset_size": 94,
        "present_actions_in_subset": "32",
        "subset_action_sparsity": 0.6595744680851063
      },
      "mAP_standard_with_null_verb": 0.7177106694835957,
      "mAP_present_only_with_null_verb": 0.31813694455025876,
      "mAP_freq_weighted_with_null_verb": 0.7043445636410629,
      "mAP_sample_wise_with_null_verb": 0.7523965940893124,
      "mAP_standard_all_actions": 0.7177106694835957,
      "mAP_present_only_all_actions": 0.31813694455025876,
      "mAP_freq_weighted_all_actions": 0.7043445636410629,
      "mAP_sample_wise_all_actions": 0.7523965940893124,
      "exact_match_with_null_verb": 0.3752362948960302,
      "hamming_accuracy_with_null_verb": 0.9880718336483932,
      "precision_with_null_verb": 0.8368476358591197,
      "recall_with_null_verb": 0.7918738773990988,
      "f1_with_null_verb": 0.8126815277439579,
      "num_predictions": 2116,
      "num_actions_total_with_null_verb": 100,