{
  "aggregated_results": {
    "num_videos": 2,
    "overall_success_rate": 15.948793175197668,
    "horizon_aggregated": {
      "1s": {
        "num_videos_evaluated": 2,
        "planning_horizon_frames": 1,
        "planning_horizon_seconds": 1.0,
        "mean_ivt_mAP": 0.05470159094244121,
        "std_ivt_mAP": 0.006644361147797304,
        "mean_exact_match_rate": 0.0,
        "std_exact_match_rate": 0.0,
        "mean_hamming_accuracy": 0.5183853350101524,
        "std_hamming_accuracy": 0.007448385380000921,
        "mean_action_consistency": 0.8564687011246729,
        "std_action_consistency": 0.001732971737780642,
        "mean_temporal_smoothness": "0.866295",
        "std_temporal_smoothness": "0.0015012324",
        "mean_sparsity_similarity": 0.5343611198411351,
        "std_sparsity_similarity": 0.008193455170476482,
        "mean_ivt_i_mAP": 0.24990220646109765,
        "mean_ivt_v_mAP": 0.16163369489662852,
        "mean_ivt_t_mAP": 0.12209973704452891,
        "mean_ivt_iv_mAP": 0.0931823903000629,
        "mean_ivt_it_mAP": 0.0642132428837622
      },
      "2s": {
        "num_videos_evaluated": 2,
        "planning_horizon_frames": 2,
        "planning_horizon_seconds": 2.0,
        "mean_ivt_mAP": 0.05545419800047466,
        "std_ivt_mAP": 0.005863286027969886,
        "mean_exact_match_rate": 0.0,
        "std_exact_match_rate": 0.0,
        "mean_hamming_accuracy": 0.5322814860429683,
        "std_hamming_accuracy": 0.004942888736883755,
        "mean_action_consistency": 0.857743086392585,
        "std_action_consistency": 7.580014723179707e-05,
        "mean_temporal_smoothness": "0.8673984",
        "std_temporal_smoothness": "6.571413e-05",
        "mean_sparsity_similarity": 0.5444611473754767,
        "std_sparsity_similarity": 0.004999930468834735,
        "mean_ivt_i_mAP": 0.24990220646109765,
        "mean_ivt_v_mAP": 0.16116131280633927,
        "mean_ivt_t_mAP": 0.12154378762237597,
        "mean_ivt_iv_mAP": 0.0915312861456424,
        "mean_ivt_it_mAP": 0.06423342902967949
      },
      "3s": {
        "num_videos_evaluated": 2,
        "planning_horizon_frames": 3,
        "planning_horizon_seconds": 3.0,
        "mean_ivt_mAP": 0.05433242969828577,
        "std_ivt_mAP": 0.007322934506814802,
        "mean_exact_match_rate": 0.0,
        "std_exact_match_rate": 0.0,
        "mean_hamming_accuracy": 0.5772349492430674,
        "std_hamming_accuracy": 0.004237414899988856,
        "mean_action_consistency": 0.8585377500910374,
        "std_action_consistency": 0.0006025844814532832,
        "mean_temporal_smoothness": "0.8680881",
        "std_temporal_smoothness": "0.00052309036",
        "mean_sparsity_similarity": 0.5916343218592731,
        "std_sparsity_similarity": 0.0037442197106293262,
        "mean_ivt_i_mAP": 0.24990220646109765,
        "mean_ivt_v_mAP": 0.16163566960890854,
        "mean_ivt_t_mAP": 0.12118025959792583,
        "mean_ivt_iv_mAP": 0.09175361877543176,
        "mean_ivt_it_mAP": 0.06349983862434193
      },
      "5s": {
        "num_videos_evaluated": 2,
        "planning_horizon_frames": 5,
        "planning_horizon_seconds": 5.0,
        "mean_ivt_mAP": 0.04978550025163643,
        "std_ivt_mAP": 0.00836971343870846,
        "mean_exact_match_rate": 0.0,
        "std_exact_match_rate": 0.0,
        "mean_hamming_accuracy": 0.5516443564334406,
        "std_hamming_accuracy": 0.0005665121220633229,
        "mean_action_consistency": 0.870007540063032,
        "std_action_consistency": 0.0003095846726974272,
        "mean_temporal_smoothness": "0.8781021",
        "std_temporal_smoothness": "0.00027179718",
        "mean_sparsity_similarity": 0.5666251421094316,
        "std_sparsity_similarity": 0.0017677979741727023,
        "mean_ivt_i_mAP": 0.24990220646109765,
        "mean_ivt_v_mAP": 0.1620520310215101,
        "mean_ivt_t_mAP": 0.12174129938468103,
        "mean_ivt_iv_mAP": 0.09253654646211715,
        "mean_ivt_it_mAP": 0.060844363141433044
      }
    }
  },
  "detailed_video_results": {
    "VID02": {
      "video_id": "VID02",
      "total_sequences": 178,
      "successful_predictions": 2839,
      "success_rate": 15.94943820224719,
      "horizon_results": {
        "1s": {
          "num_sequences": 2839,
          "total_frames": 2839,
          "horizon_frames": 1,
          "avg_frames_per_sequence": 1.0,
          "ivt_mAP": 0.048057229794643906,
          "ivt_i_mAP": 0.22437477985206056,
          "ivt_v_mAP": 0.15418234269390965,
          "ivt_t_mAP": 0.10379736580124821,
          "ivt_iv_mAP": 0.08485319878673245,
          "ivt_it_mAP": 0.05682927327857322,
          "exact_match_rate": 0.0,
          "hamming_accuracy": 0.5109369496301515,
          "action_consistency": 0.8547357293868922,
          "temporal_smoothness": "0.8647937",
          "pred_sparsity": 0.48817893624515674,
          "gt_sparsity": 0.014346600915815428,
          "sparsity_similarity": 0.5261676646706587
        },
        "2s": {
          "num_sequences": 2839,
          "total_frames": 2839,
          "horizon_frames": 2,
          "avg_frames_per_sequence": 1.0,
          "ivt_mAP": 0.04959091197250477,
          "ivt_i_mAP": 0.22437477985206056,
          "ivt_v_mAP": 0.15374001681492047,
          "ivt_t_mAP": 0.10296731159608935,
          "ivt_iv_mAP": 0.08190660667460956,
          "ivt_it_mAP": 0.055264958143582274,
          "exact_match_rate": 0.0,
          "hamming_accuracy": 0.5372243747798521,
          "action_consistency": 0.8578188865398167,
          "temporal_smoothness": "0.8674641",
          "pred_sparsity": 0.46488552307150405,
          "gt_sparsity": 0.014346600915815428,
          "sparsity_similarity": 0.5494610778443114
        },
        "3s": {
          "num_sequences": 2839,
          "total_frames": 2839,
          "horizon_frames": 3,
          "avg_frames_per_sequence": 1.0,
          "ivt_mAP": 0.04700949519147097,
          "ivt_i_mAP": 0.22437477985206056,
          "ivt_v_mAP": 0.15217031999706218,
          "ivt_t_mAP": 0.10236527635287174,
          "ivt_iv_mAP": 0.08038485806517265,
          "ivt_it_mAP": 0.05527085669098299,
          "exact_match_rate": 0.0,
          "hamming_accuracy": 0.5729975343430785,
          "action_consistency": 0.8579351656095842,
          "temporal_smoothness": "0.86756504",
          "pred_sparsity": 0.42645649876717157,
          "gt_sparsity": 0.014346600915815428,
          "sparsity_similarity": 0.5878901021486438
        },
        "5s": {
          "num_sequences": 2839,
          "total_frames": 2839,
          "horizon_frames": 5,
          "avg_frames_per_sequence": 1.0,
          "ivt_mAP": 0.04141578681292797,
          "ivt_i_mAP": 0.22437477985206056,
          "ivt_v_mAP": 0.1532693736855593,
          "ivt_t_mAP": 0.10279581528920699,
          "ivt_iv_mAP": 0.08221832040613708,
          "ivt_it_mAP": 0.05072445375320437,
          "exact_match_rate": 0.0,
          "hamming_accuracy": 0.5510778443113773,
          "action_consistency": 0.8703171247357294,
          "temporal_smoothness": "0.8783739",
          "pred_sparsity": 0.4494892567805565,
          "gt_sparsity": 0.014346600915815428,
          "sparsity_similarity": 0.5648573441352589
        }
      }
    },
    "VID06": {
      "video_id": "VID06",
      "total_sequences": 135,
      "successful_predictions": 2153,
      "success_rate": 15.948148148148148,
      "horizon_results": {
        "1s": {
          "num_sequences": 2153,
          "total_frames": 2153,
          "horizon_frames": 1,
          "avg_frames_per_sequence": 1.0,
          "ivt_mAP": 0.06134595209023851,
          "ivt_i_mAP": 0.27542963307013474,
          "ivt_v_mAP": 0.16908504709934738,
          "ivt_t_mAP": 0.1404021082878096,
          "ivt_iv_mAP": 0.10151158181339336,
          "ivt_it_mAP": 0.07159721248895119,
          "exact_match_rate": 0.0,
          "hamming_accuracy": 0.5258337203901533,