{
    "sklearn_vids_mAP_i": [
        0.9213795894173845,
        0.9492857737918664,
        0.9498171774885855,
        0.8406348645719266,
        0.8776927172570352,
        0.9426328309965903,
        0.9758610637261231,
        0.9627534148257121,
        0.9365371152782326,
        0.9746451066238978
    ],
    "sklearn_vids_mAP_a": [
        0.4722586703309113,
        0.5409006588603896,
        0.5216718029416152,
        0.3740396140779963,
        0.44741005221737856,
        0.5763286454924773,
        0.5495672734582405,
        0.494114705737979,
        0.6117869094495169,
        0.41963391788582666
    ]
}