{
  "state_prediction": {
    "state_mse": {
      "mean": 0.37397362561373226,
      "std": 0.08755329428763872,
      "min": 0.28642033132609357,
      "max": 0.461526919901371
    }
  },
  "reward_prediction": {},
  "rl_environment_simulation": {},
  "per_video_metrics": {
    "VID02": {
      "state_mse": 0.28642033132609357
    },
    "VID06": {
      "state_mse": 0.461526919901371
    }
  },
  "summary": {
    "total_samples": 4992,
    "num_videos": 2,
    "evaluation_mode": "rl"
  }
}