,mean_map,std_map,median_map,min_map,max_map,map_at_start,map_at_end,map_degradation
imitation_learning,0.34854901402728117,0.28370176636288696,0.416307650325335,0.0,1.0,0.2,0.376791768263338,-0.17679176826333798
ppo,0.2807606483689254,0.2364763251830079,0.3252068892929356,0.0,1.0,0.2,0.293664003237778,-0.09366400323777802
sac,0.27567158083078924,0.2362235366489718,0.2970861486486487,0.0,1.0,0.2,0.2912880413313356,-0.09128804133133561
