,t_statistic,p_value,cohens_d,significant,mean_diff
imitation_learning_vs_ppo,4.100019498445505,4.4671130147991505e-05,0.259567698936512,True,0.06778836565835578
imitation_learning_vs_sac,4.409751645082187,1.1471521232227916e-05,0.27917649850920456,True,0.07287743319649193
ppo_vs_sac,0.3401088616057189,0.733846117876291,0.02153191579415276,False,0.005089067538136149
