method,start_mean,start_std,end_mean,end_std,absolute_degradation,relative_degradation,slope_mean,slope_std
sac,0.9872,0.0034871191548325855,0.25229902129298887,0.033404434062648466,0.7349009787070111,74.44296785930015,-0.005757266969282354,0.00025589998649690367
ppo,0.986,0.011027239001672165,0.3550905107178387,0.025683602686843734,0.6309094892821613,63.98676361888046,-0.004915217966507302,0.0001949681951788192
imitation_learning,0.9976,0.0038781438859330666,0.9529856221393522,0.014378426111797439,0.044614377860647814,4.472170996456276,-0.0003094181210521667,0.00016211956845363053
