,mean_map,std_map,median_map,min_map,max_map,num_videos,total_predictions,mean_degradation,std_degradation
imitation_learning,0.978537053112556,0.01782219993432608,0.9848571428571428,0.926134451889945,1.0,5.0,495.0,0.03689567792587682,0.022235188034743072
ppo,0.0,0.0,0.0,0.0,0.0,5.0,495.0,0.0,0.0
sac,0.3314260786335652,0.10941593637518328,0.3040644122383253,0.18124365570355405,0.62,5.0,495.0,0.36009811704961114,0.05417528775200275
