{
  "per_video_results": {
    "Autoregressive IL": {
      "VID02": 47.45481434041167,
      "VID06": 56.29868533825343,
      "VID111": 46.984197570875445,
      "VID14": 35.07659497614218,
      "VID23": 46.66372981812242,
      "VID25": 66.04027110289053,
      "VID50": 52.802811555084396,
      "VID51": 47.72828453360265,
      "VID66": 66.97824176882541,
      "VID79": 39.729402880309316
    },
    "Autoregressive IL (IVT)": {
      "VID02": 0.0,
      "VID06": 0.0,
      "VID111": 0.0,
      "VID14": 0.0,
      "VID23": 0.0,
      "VID25": 0.0,
      "VID50": 0.0,
      "VID51": 0.0,
      "VID66": 0.0,
      "VID79": 0.0
    }
  },
  "summary_statistics": {
    "Autoregressive IL": {
      "mean": 50.57570338845174,
      "std": 9.745888585577783,
      "median": 47.59154943700716,
      "min": 35.07659497614218,
      "max": 66.97824176882541,
      "num_videos": 10
    },
    "Autoregressive IL (IVT)": {
      "mean": 0.0,
      "std": 0.0,
      "median": 0.0,
      "min": 0.0,
      "max": 0.0,
      "num_videos": 10
    }
  }
}