{
  "methods": {
    "Autoregressive IL": {
      "current_system_mAP": 50.57570338845174,
      "ivt_standard_mAP": 0.0,
      "planning_1s_mAP": 23.367564789839708,
      "planning_2s_mAP": 22.392161630888783,
      "planning_5s_mAP": 19.131999992543715,
      "status": "success"
    }
  },
  "best_method": "Autoregressive IL",
  "performance_gap": 42.1,
  "key_insights": []
}