{
  "state_prediction": {
    "state_mse": {
      "mean": 0.20461606127855014,
      "std": 0.017042495831731046,
      "min": 0.17690052911984147,
      "max": 0.22192481337506847
    }
  },
  "reward_prediction": {},
  "rl_environment_simulation": {},
  "per_video_metrics": {
    "VID02": {
      "state_mse": 0.19493424831732606
    },
    "VID06": {
      "state_mse": 0.20799040982016812
    },
    "VID111": {
      "state_mse": 0.17690052911984147
    },
    "VID14": {
      "state_mse": 0.22192481337506847
    },
    "VID23": {
      "state_mse": 0.22133030576034657
    }
  },
  "summary": {
    "total_samples": 10480,
    "num_videos": 5,
    "evaluation_mode": "rl"
  }
}