{
    "ivt_current_AP_per_class": {
        "grasper,dissect,cystic_plate": null,
        "grasper,dissect,gallbladder": 0.4229824561403509,
        "grasper,dissect,omentum": 0.024390243902439025,
        "grasper,grasp,cystic_artery": 0.029345006959127173,
        "grasper,grasp,cystic_duct": 0.3791155200841467,
        "grasper,grasp,cystic_pedicle": 0.0014705882352941176,
        "grasper,grasp,cystic_plate": 0.040595621219531454,
        "grasper,grasp,gallbladder": 0.2663026515411531,
        "grasper,grasp,gut": 0.001694239335161593,
        "grasper,grasp,liver": 0.01088146826196367,
        "grasper,grasp,omentum": 0.012102024493142396,
        "grasper,grasp,peritoneum": 0.17335081857602483,
        "grasper,grasp,specimen_bag": 0.9039467985382086,
        "grasper,pack,gallbladder": 0.5561942798060316,
        "grasper,retract,cystic_duct": null,
        "grasper,retract,cystic_pedicle": null,
        "grasper,retract,cystic_plate": 0.08812747379324443,
        "grasper,retract,gallbladder": 0.8519384126182953,
        "grasper,retract,gut": 0.1818033558269555,
        "grasper,retract,liver": 0.7600765955447558,
        "grasper,retract,omentum": 0.6690639915075488,
        "grasper,retract,peritoneum": 0.33319136515891934,
        "bipolar,coagulate,abdominal_wall_cavity": 0.818083532653342,
        "bipolar,coagulate,blood_vessel": 0.9475484608145788,
        "bipolar,coagulate,cystic_artery": null,
        "bipolar,coagulate,cystic_duct": 0.02204148826260264,
        "bipolar,coagulate,cystic_pedicle": 0.7795654404394173,
        "bipolar,coagulate,cystic_plate": 0.3944331587243326,
        "bipolar,coagulate,gallbladder": 0.4129019361242454,
        "bipolar,coagulate,liver": 0.8586754354661141,
        "bipolar,coagulate,omentum": 0.6894859448322702,
        "bipolar,coagulate,peritoneum": 0.8278844936739674,
        "bipolar,dissect,adhesion": null,
        "bipolar,dissect,cystic_artery": 0.001221001221001221,
        "bipolar,dissect,cystic_duct": 0.008791974546938143,
        "bipolar,dissect,cystic_plate": null,
        "bipolar,dissect,gallbladder": 0.09819857459120196,
        "bipolar,dissect,omentum": null,
        "bipolar,grasp,cystic_plate": 0.004243802854493536,
        "bipolar,grasp,liver": 0.3217135193014534,
        "bipolar,grasp,specimen_bag": null,
        "bipolar,retract,cystic_duct": 0.004888179765342226,
        "bipolar,retract,cystic_pedicle": null,
        "bipolar,retract,gallbladder": null,
        "bipolar,retract,liver": 0.15427775971722477,
        "bipolar,retract,omentum": 0.4201663368193046,
        "hook,coagulate,blood_vessel": 0.0019772329351520185,
        "hook,coagulate,cystic_artery": null,
        "hook,coagulate,cystic_duct": 0.029411764705882353,
        "hook,coagulate,cystic_pedicle": null,
        "hook,coagulate,cystic_plate": null,
        "hook,coagulate,gallbladder": 0.131854027530124,
        "hook,coagulate,liver": 0.023631648303725057,
        "hook,coagulate,omentum": 0.11576565106681458,
        "hook,cut,blood_vessel": null,
        "hook,cut,peritoneum": null,
        "hook,dissect,blood_vessel": null,
        "hook,dissect,cystic_artery": 0.4564236774920457,
        "hook,dissect,cystic_duct": 0.5030865745719776,
        "hook,dissect,cystic_plate": 0.24682489361240068,
        "hook,dissect,gallbladder": 0.8446665537011423,
        "hook,dissect,omentum": 0.7763633637614982,
        "hook,dissect,peritoneum": 0.4938749360092363,
        "hook,retract,gallbladder": 0.31680669920156923,
        "hook,retract,liver": 0.0248806221947104,
        "scissors,coagulate,omentum": null,
        "scissors,cut,adhesion": 0.38440569682121434,
        "scissors,cut,blood_vessel": null,
        "scissors,cut,cystic_artery": 0.8346793527463607,
        "scissors,cut,cystic_duct": 0.892835193881764,
        "scissors,cut,cystic_plate": 0.07759807855179038,
        "scissors,cut,liver": 0.3036082234301052,
        "scissors,cut,omentum": null,
        "scissors,cut,peritoneum": null,
        "scissors,dissect,cystic_plate": null,
        "scissors,dissect,gallbladder": null,
        "scissors,dissect,omentum": null,
        "clipper,clip,blood_vessel": null,
        "clipper,clip,cystic_artery": 0.6038418663673576,
        "clipper,clip,cystic_duct": 0.7739601788686652,
        "clipper,clip,cystic_pedicle": null,
        "clipper,clip,cystic_plate": 0.020240820880855787,
        "irrigator,aspirate,fluid": 0.7308302004623739,
        "irrigator,dissect,cystic_duct": null,
        "irrigator,dissect,cystic_pedicle": null,
        "irrigator,dissect,cystic_plate": null,
        "irrigator,dissect,gallbladder": null,
        "irrigator,dissect,omentum": null,
        "irrigator,irrigate,abdominal_wall_cavity": 0.4323199444007594,
        "irrigator,irrigate,cystic_pedicle": 0.002396151603284132,
        "irrigator,irrigate,liver": 0.3505577471524743,
        "irrigator,retract,gallbladder": null,
        "irrigator,retract,liver": 0.19451195042756492,
        "irrigator,retract,omentum": null,
        "grasper,null_verb,null_target": 0.2728573412959646,
        "bipolar,null_verb,null_target": 0.2560616542632866,
        "hook,null_verb,null_target": 0.303874477839634,
        "scissors,null_verb,null_target": 0.14797075229426085,
        "clipper,null_verb,null_target": 0.38952441695464163,
        "irrigator,null_verb,null_target": 0.14336672989219615
    },
    "ivt_next_AP_per_class": {
        "grasper,dissect,cystic_plate": null,
        "grasper,dissect,gallbladder": 0.020471903582098883,
        "grasper,dissect,omentum": 0.0015772870662460567,
        "grasper,grasp,cystic_artery": 0.04030012349796769,
        "grasper,grasp,cystic_duct": 0.24520265230197494,
        "grasper,grasp,cystic_pedicle": 0.0006071645415907711,
        "grasper,grasp,cystic_plate": 0.24355052681154654,
        "grasper,grasp,gallbladder": 0.27605757789088803,
        "grasper,grasp,gut": 0.002829797300603983,
        "grasper,grasp,liver": 0.030888545630050314,
        "grasper,grasp,omentum": 0.023537855802980914,
        "grasper,grasp,peritoneum": 0.06742747785905208,
        "grasper,grasp,specimen_bag": 0.8800167082923815,
        "grasper,pack,gallbladder": 0.657286914780886,
        "grasper,retract,cystic_duct": null,
        "grasper,retract,cystic_pedicle": null,
        "grasper,retract,cystic_plate": 0.15017866880340924,
        "grasper,retract,gallbladder": 0.8344054051858565,
        "grasper,retract,gut": 0.15456698641917216,
        "grasper,retract,liver": 0.7526189068842948,
        "grasper,retract,omentum": 0.6931679818950062,
        "grasper,retract,peritoneum": 0.42513284867761436,
        "bipolar,coagulate,abdominal_wall_cavity": 0.7021240526798602,
        "bipolar,coagulate,blood_vessel": 0.8324545409466036,
        "bipolar,coagulate,cystic_artery": null,
        "bipolar,coagulate,cystic_duct": 0.014007371467527972,
        "bipolar,coagulate,cystic_pedicle": 0.7910650735020561,
        "bipolar,coagulate,cystic_plate": 0.3884367452001973,
        "bipolar,coagulate,gallbladder": 0.41818289921306234,
        "bipolar,coagulate,liver": 0.8506242732054968,
        "bipolar,coagulate,omentum": 0.6013654216544093,
        "bipolar,coagulate,peritoneum": 0.6979071741266863,
        "bipolar,dissect,adhesion": null,
        "bipolar,dissect,cystic_artery": 0.0005494505494505495,
        "bipolar,dissect,cystic_duct": 0.21516059963409057,
        "bipolar,dissect,cystic_plate": null,
        "bipolar,dissect,gallbladder": 0.11793907128124774,
        "bipolar,dissect,omentum": null,
        "bipolar,grasp,cystic_plate": 0.14343627111066995,
        "bipolar,grasp,liver": 0.09404751408032105,
        "bipolar,grasp,specimen_bag": null,
        "bipolar,retract,cystic_duct": 0.0039035089213554455,
        "bipolar,retract,cystic_pedicle": null,
        "bipolar,retract,gallbladder": null,
        "bipolar,retract,liver": 0.19690651219857977,