{
    "ivt_current_AP_per_class": {
        "grasper,dissect,cystic_plate": null,
        "grasper,dissect,gallbladder": 0.4162745098039216,
        "grasper,dissect,omentum": 0.06666666666666667,
        "grasper,grasp,cystic_artery": 0.02810868559961014,
        "grasper,grasp,cystic_duct": 0.3842857266140745,
        "grasper,grasp,cystic_pedicle": 0.0013386880856760374,
        "grasper,grasp,cystic_plate": 0.04102592501648372,
        "grasper,grasp,gallbladder": 0.25890125633093103,
        "grasper,grasp,gut": 0.0016840465728107912,
        "grasper,grasp,liver": 0.011533725201304478,
        "grasper,grasp,omentum": 0.011144640581367994,
        "grasper,grasp,peritoneum": 0.17370225430544106,
        "grasper,grasp,specimen_bag": 0.9049859646098257,
        "grasper,pack,gallbladder": 0.5721650734374735,
        "grasper,retract,cystic_duct": null,
        "grasper,retract,cystic_pedicle": null,
        "grasper,retract,cystic_plate": 0.0953219429251099,
        "grasper,retract,gallbladder": 0.8536250869301831,
        "grasper,retract,gut": 0.1858328019212243,
        "grasper,retract,liver": 0.7614035712188303,
        "grasper,retract,omentum": 0.663791063551788,
        "grasper,retract,peritoneum": 0.33333497702489023,
        "bipolar,coagulate,abdominal_wall_cavity": 0.8250869524322871,
        "bipolar,coagulate,blood_vessel": 0.9589819415101286,
        "bipolar,coagulate,cystic_artery": null,
        "bipolar,coagulate,cystic_duct": 0.02170741357091122,
        "bipolar,coagulate,cystic_pedicle": 0.7984275364884551,
        "bipolar,coagulate,cystic_plate": 0.3966835982846435,
        "bipolar,coagulate,gallbladder": 0.4223658917689377,
        "bipolar,coagulate,liver": 0.8607329373430669,
        "bipolar,coagulate,omentum": 0.6530296893186126,
        "bipolar,coagulate,peritoneum": 0.8561643157037894,
        "bipolar,dissect,adhesion": null,
        "bipolar,dissect,cystic_artery": 0.0013054830287206266,
        "bipolar,dissect,cystic_duct": 0.009296559444612638,
        "bipolar,dissect,cystic_plate": null,
        "bipolar,dissect,gallbladder": 0.09277423682570743,
        "bipolar,dissect,omentum": null,
        "bipolar,grasp,cystic_plate": 0.004341253352712073,
        "bipolar,grasp,liver": 0.33009081458488226,
        "bipolar,grasp,specimen_bag": null,
        "bipolar,retract,cystic_duct": 0.004988547689336669,
        "bipolar,retract,cystic_pedicle": null,
        "bipolar,retract,gallbladder": null,
        "bipolar,retract,liver": 0.16883266693345747,
        "bipolar,retract,omentum": 0.3984669517970534,
        "hook,coagulate,blood_vessel": 0.0019232918158856088,
        "hook,coagulate,cystic_artery": null,
        "hook,coagulate,cystic_duct": 0.047619047619047616,
        "hook,coagulate,cystic_pedicle": null,
        "hook,coagulate,cystic_plate": null,
        "hook,coagulate,gallbladder": 0.19837459520911957,
        "hook,coagulate,liver": 0.021954320470341716,
        "hook,coagulate,omentum": 0.1263705859719932,
        "hook,cut,blood_vessel": null,
        "hook,cut,peritoneum": null,
        "hook,dissect,blood_vessel": null,
        "hook,dissect,cystic_artery": 0.4578313638143836,
        "hook,dissect,cystic_duct": 0.5060810467922888,
        "hook,dissect,cystic_plate": 0.25080226553937923,
        "hook,dissect,gallbladder": 0.8442122974558892,
        "hook,dissect,omentum": 0.7732377626861167,
        "hook,dissect,peritoneum": 0.49302931268708955,
        "hook,retract,gallbladder": 0.30544428455530614,
        "hook,retract,liver": 0.023118535630332733,
        "scissors,coagulate,omentum": null,
        "scissors,cut,adhesion": 0.38544323719472284,
        "scissors,cut,blood_vessel": null,
        "scissors,cut,cystic_artery": 0.8308840282785273,
        "scissors,cut,cystic_duct": 0.9005340069312116,
        "scissors,cut,cystic_plate": 0.0705860109029428,
        "scissors,cut,liver": 0.3101947553177366,
        "scissors,cut,omentum": null,
        "scissors,cut,peritoneum": null,
        "scissors,dissect,cystic_plate": null,
        "scissors,dissect,gallbladder": null,
        "scissors,dissect,omentum": null,
        "clipper,clip,blood_vessel": null,
        "clipper,clip,cystic_artery": 0.6056060655903062,
        "clipper,clip,cystic_duct": 0.773011872657151,
        "clipper,clip,cystic_pedicle": null,
        "clipper,clip,cystic_plate": 0.019660537529025846,
        "irrigator,aspirate,fluid": 0.7267427206025434,
        "irrigator,dissect,cystic_duct": null,
        "irrigator,dissect,cystic_pedicle": null,
        "irrigator,dissect,cystic_plate": null,
        "irrigator,dissect,gallbladder": null,
        "irrigator,dissect,omentum": null,
        "irrigator,irrigate,abdominal_wall_cavity": 0.44662980581408745,
        "irrigator,irrigate,cystic_pedicle": 0.002491954877479408,
        "irrigator,irrigate,liver": 0.341330096821417,
        "irrigator,retract,gallbladder": null,
        "irrigator,retract,liver": 0.18663649235086427,
        "irrigator,retract,omentum": null,
        "grasper,null_verb,null_target": 0.27462117617220055,
        "bipolar,null_verb,null_target": 0.2508917874837823,
        "hook,null_verb,null_target": 0.30478519089337475,
        "scissors,null_verb,null_target": 0.1353203679793259,
        "clipper,null_verb,null_target": 0.38524748619011245,
        "irrigator,null_verb,null_target": 0.1456820946307039
    },
    "ivt_next_AP_per_class": {
        "grasper,dissect,cystic_plate": null,
        "grasper,dissect,gallbladder": 0.02136237691113367,
        "grasper,dissect,omentum": 0.0018083182640144665,
        "grasper,grasp,cystic_artery": 0.040835643750548815,
        "grasper,grasp,cystic_duct": 0.2631348408312582,
        "grasper,grasp,cystic_pedicle": 0.0006127450980392157,
        "grasper,grasp,cystic_plate": 0.2425761424604057,
        "grasper,grasp,gallbladder": 0.272602962827842,
        "grasper,grasp,gut": 0.0026932292042494855,
        "grasper,grasp,liver": 0.033315881885592286,
        "grasper,grasp,omentum": 0.023371436212987498,
        "grasper,grasp,peritoneum": 0.06529290786313731,
        "grasper,grasp,specimen_bag": 0.8801223443126165,
        "grasper,pack,gallbladder": 0.6814958213349023,
        "grasper,retract,cystic_duct": null,
        "grasper,retract,cystic_pedicle": null,
        "grasper,retract,cystic_plate": 0.1536037453478322,
        "grasper,retract,gallbladder": 0.8365369361744845,
        "grasper,retract,gut": 0.15487826987782374,
        "grasper,retract,liver": 0.7517760736482206,
        "grasper,retract,omentum": 0.6953772076330864,
        "grasper,retract,peritoneum": 0.42474179656199745,
        "bipolar,coagulate,abdominal_wall_cavity": 0.7151205775846516,
        "bipolar,coagulate,blood_vessel": 0.8458653537790914,
        "bipolar,coagulate,cystic_artery": null,
        "bipolar,coagulate,cystic_duct": 0.014944199842139624,
        "bipolar,coagulate,cystic_pedicle": 0.8115796562125754,
        "bipolar,coagulate,cystic_plate": 0.38797377661574384,
        "bipolar,coagulate,gallbladder": 0.4289717511179214,
        "bipolar,coagulate,liver": 0.8609877611338388,
        "bipolar,coagulate,omentum": 0.5503232495463822,
        "bipolar,coagulate,peritoneum": 0.7101361357940306,
        "bipolar,dissect,adhesion": null,
        "bipolar,dissect,cystic_artery": 0.0005178663904712584,
        "bipolar,dissect,cystic_duct": 0.17450705100880934,
        "bipolar,dissect,cystic_plate": null,
        "bipolar,dissect,gallbladder": 0.09964111330732453,
        "bipolar,dissect,omentum": null,
        "bipolar,grasp,cystic_plate": 0.15674705356209206,
        "bipolar,grasp,liver": 0.09226142801074196,
        "bipolar,grasp,specimen_bag": null,
        "bipolar,retract,cystic_duct": 0.0041623727603787375,
        "bipolar,retract,cystic_pedicle": null,
        "bipolar,retract,gallbladder": null,
        "bipolar,retract,liver": 0.21666560145632097,