{
  "state_prediction": {
    "state_mse": {
      "mean": 0.40874440052170236,
      "std": 0.09843826072908324,
      "min": 0.3103061397926191,
      "max": 0.5071826612507856
    }
  },
  "reward_prediction": {},
  "rl_environment_simulation": {},
  "per_video_metrics": {
    "VID02": {
      "state_mse": 0.3103061397926191
    },
    "VID06": {
      "state_mse": 0.5071826612507856
    }
  },
  "summary": {
    "total_samples": 4992,
    "num_videos": 2,
    "evaluation_mode": "rl"
  }
}